Car_id,Car_Brand,Car_Model,Year,VIN,KmsTravelled,Price,Dealer_id
6,Infiniti,M,2004,3VW517AT0FM106813,119242,28964.43,3
7,GMC,Savana 3500,2010,JN1CV6EK6FM489410,112182,11851.6,3
8,Volkswagen,Golf,1997,5N1AN0NU2DN250782,29228,4958.91,3
9,Mazda,MX-5,2006,WBALZ3C58CC363917,42157,16985.55,4
10,Kia,Sedona,2011,WA1CFAFP0EA591173,104186,22373.07,3
11,Volvo,240,1992,1N4AA5AP0EC218106,26453,43981.46,3
12,Acura,SLX,1998,1FTMF1E84AK415636,63746,49666.19,1
13,Chevrolet,Aveo,2004,JHMFA3F29BS234595,104592,14887.47,5
14,Ford,Fiesta,2013,1G6KD57Y55U280880,26390,22331.02,5
15,Dodge,D350 Club,1993,KNAFT4A2XC5114925,95675,38921.89,5
16,Acura,SLX,1998,1FTSW3B52AE087225,85630,54123.27,2
17,Dodge,Caravan,1995,SCBLE37G83C841847,43537,33011.18,3
18,Nissan,Stanza,1992,WAUDH78E26A033214,109178,48046,4
19,Mazda,B-Series,1991,1GD322CG5EF966517,99744,16828.69,5
20,Ford,Thunderbird,1983,19XFB4F28DE337940,100038,11072.74,5
21,Buick,Park Avenue,1994,YV1982BW2A1185509,86786,2765.65,1
22,Lotus,Evora,2010,3N1CE2CP9FL260625,54554,15398.93,2
23,Lincoln,Town Car,1993,JM3ER2A59C0682826,17827,17590.94,4
24,GMC,Savana 1500,2008,5FPYK1F28DB078486,24782,23357.99,3
25,Ford,Focus,2006,3C63D3ELXCG715106,41490,7623.36,3
26,Volkswagen,Touareg,2007,4USBU53527L555844,53207,31032.96,1
27,Porsche,944,1989,1G4GE5G30EF927271,49438,21632.28,1
28,Ferrari,FF,2012,WBAWV53518P389943,89064,7049.45,5
29,Mercury,Grand Marquis,2009,JM1NC2SF9F0868548,59583,47584.14,3
30,Lexus,LX,1996,SCBLC43F15C671083,81825,7576.75,3
31,Kia,Sorento,2011,2G4GL5EX6F9271437,21043,21756.55,3
32,Suzuki,Daewoo Magnus,2004,1N4CL2AP6BC001172,111557,18855.36,5
33,Geo,Metro,1994,WDDEJ7GB2DA133836,117926,38273.21,3
34,Mitsubishi,GTO,1997,WAUAC48H84K165606,26530,18464.95,3
35,Subaru,Impreza,2008,4T3BA3BB6AU326372,61540,20514.49,5
36,Dodge,Ram 3500,2000,JM1DE1KY9C0229311,46421,16205.74,1
37,Chevrolet,Malibu,2005,SCFKDCEP4EG540584,120978,36075.32,2
38,Lexus,SC,2010,1FMJK1G59BE363501,71545,15367.9,5
39,GMC,Vandura 1500,1992,3D7JV1EPXAG104905,12412,14229.28,5
40,Lexus,IS,2007,WAUBF78E58A139172,103366,31746.77,3
41,Peugeot,207,2007,1FTSW3A52AE593994,69714,43119.39,4
42,Chrysler,LeBaron,1995,1C4AJWAG3CL747952,121610,37596.78,5
43,Mazda,B-Series,2003,3VW1K7AJXFM124648,95079,4561.67,1
44,Hummer,H2 SUV,2006,5N1AZ2MH3FN239040,124769,47896.85,4
45,Buick,Lucerne,2010,WP0AB2A81CS499060,122127,43899.06,1
46,Mazda,Tribute,2011,WBAKA4C58BC237273,38297,44854.61,4
47,Mazda,323,1995,WA1LGBFE8BD038945,74305,45509.83,1
48,Toyota,TundraMax,2007,JN8AF5MR2BT974593,104744,7513.15,2
49,Lincoln,Town Car,1988,SCFAB02A87G329519,76081,6564.83,1
50,Ford,Flex,2013,2C3CCAGG5CH105828,38515,46313.7,5
51,Mitsubishi,Lancer,2011,5UMBT93547L093573,21666,27295.7,5
52,Lexus,LS Hybrid,2010,WAUJGBFC0DN451142,63652,46238.86,2
53,Ford,Crown Victoria,2007,WBA3D5C5XEK449796,34867,14457.76,3
54,Saab,9-Mar,2004,WAUKFAFL4CN033716,111016,48948.82,5
55,Oldsmobile,Aurora,1999,JN8AZ2KR4AT187913,10910,32195.3,3
56,Jaguar,XK Series,1997,1FTWX3B50AE301336,95126,11502.48,5
57,BMW,330,2006,WBANN73526B278691,31580,49355.93,2
58,Buick,Regal,1994,WA1VFAFL9DA014727,118641,34941.29,2
59,Hummer,H3,2009,1FTEX1EW5AK073551,74366,52850.36,5
60,Chevrolet,Express 3500,2002,3D7TP2CT4BG576964,102277,25874.71,2
61,Ford,F150,2003,5UXFB53524L033688,19097,41435.29,5
62,Suzuki,Vitara,2001,5N1AN0NU2AC584785,38853,39233.71,2
63,GMC,Savana 3500,2001,W04GW5EV3B1135088,107698,40512.06,3
64,BMW,3 Series,1999,SCBBB7ZHXFC672419,115833,39934.29,2
65,Ford,E-Series,1991,JTHBE1KS2A0098494,45174,14541.55,2
66,Ford,F350,2010,WA1AV74L77D638598,83422,10558.93,4
67,Chevrolet,Lumina,1994,WBAUL7C50CV564048,109845,22210.95,4
68,GMC,Sierra Denali,2006,WDDGF4HB1DF146538,72857,47954.4,3
69,Mercury,Grand Marquis,1991,1FMJU2A56AE497177,55534,29640.39,1
70,GMC,1500,1995,3C4PDCDG8CT174627,54753,53443.06,2
71,Honda,Pilot,2011,WAUHFAFL2EA884885,90224,52865.1,4
72,Dodge,Colt,1994,WAUMFAFL1AA724814,81425,17537.4,4
73,Mercury,Topaz,1989,1J4AA2D18AL335792,120361,4303.58,1
74,Volkswagen,New Beetle,2007,SAJWJ2GD7F8423097,122242,45513.57,1
75,BMW,8 Series,1992,WDCYC3HF1AX048579,11516,26805.67,1
76,GMC,Savana 3500,2007,1FTEW1C83FF219534,100755,18869.41,2
77,Oldsmobile,Silhouette,1995,2HNYD2H21AH277126,91499,36027.56,4
78,Toyota,Land Cruiser,1996,4T1BF1FK8EU002595,104722,28294.97,1
79,Subaru,Legacy,2005,WA1VMBFEXCD703198,61520,36385.52,1
80,Honda,Ridgeline,2012,KNADH5A33B6163903,120898,18239.19,2
81,Cadillac,CTS-V,2012,1G4HJ5EM7AU176185,81593,45073.32,5
82,Dodge,Ram 2500,2010,2GKALMEK1C6664448,11738,27263.39,5
83,Lexus,ES,1989,3VW507AT7FM218074,82009,11052.01,3
84,Chevrolet,Equinox,2009,3VW517AT3FM175964,20269,11177.83,4
85,Dodge,Ram 3500,2009,JH4KB2F68CC469557,110366,16080.84,5
86,Mazda,Protege,1994,1FTNS2EW6AD426436,94452,23956.87,1
87,Chevrolet,G-Series G30,1996,WBAEN33414E001431,39779,33923.32,1
88,BMW,7 Series,2006,JTDBT4K32CL732762,112953,49412.94,1
89,Mitsubishi,Endeavor,2009,1G6AR5S39F0034710,85705,9291.45,1
90,Chevrolet,Express 1500,2002,3GYVKMEF3AG633023,14659,48291.13,3
91,Jeep,Grand Cherokee,2006,5N1AN0NW6FN123165,41922,17774.45,2
92,Isuzu,i-290,2008,5FRYD4H29EB809427,98419,42646.03,3
93,Toyota,Tundra,2001,TRUTX28NX21029819,41394,28798.68,3
94,Jeep,Grand Cherokee,2000,JTDZN3EU4D3745716,37501,51284.85,2
95,MINI,Cooper,2004,2B3CK9CV5AH639766,87837,49400.09,4
96,Jaguar,XJ Series,1998,5NPDH4AE4DH148978,77907,10998.55,4
97,Land Rover,Freelander,2005,3FA6P0PU1ER800480,85067,50362.28,1
98,Dodge,Viper,1998,4USFE43567L194319,101271,48699.37,4
99,Jeep,Cherokee,1997,2C4RDGCG0FR702783,56539,16117.69,2
100,Porsche,911,1986,WBA3N3C59EK198285,99748,51729.75,2
101,Audi,Cabriolet,1998,WA1WMBFE4BD828409,68475,44902.97,5
102,BMW,X6,2009,JN1BJ0HR1DM736939,77049,27691.62,2
103,Ford,Aerostar,1988,WBAEA53548C061415,84536,16384.45,3
104,GMC,3500,1994,2G61T5S34F9907271,14213,31302.36,2
105,Mercury,Marauder,2004,WDDHF5KB7EA747017,21989,7092.62,3
106,Mercedes-Benz,S-Class,2008,5TDDW5G14FS760675,13825,25244.63,1
107,BMW,M3,2004,1G4PP5SKXE4907047,62406,6398.83,4
108,Mitsubishi,Montero,1997,WBAVB33566A091722,27529,14081.47,3
109,Kia,Forte,2011,JM1NC2LF8E0521337,111738,50434.66,2
110,Land Rover,Range Rover,1988,4T1BF1FK2CU953064,33669,4565.99,2
111,Toyota,Avalon,2001,2C3CA4CG6BH257936,43516,25162.64,4
112,Volkswagen,GTI,2009,JH4DC54812C572698,110992,46691.04,3
113,Ford,F250,1984,1GYFK16249R554244,95727,36818.31,3
114,Isuzu,Hombre,1998,JN1AV7AP9FM035022,80914,8538.82,1
115,Acura,TL,2010,WBANE535X7B211049,40262,15073.55,3
116,Jeep,Patriot,2012,5N1AR2MMXFC157315,51949,13228.65,1
117,Buick,Enclave,2011,5GAKVCKD2EJ890449,21370,14526.16,1
118,Suzuki,Samurai,1995,WBA3B5C57EP225006,28690,24159.68,3
119,Mazda,MX-5,2010,2G4WN58C681207589,98166,21207.75,2
120,Suzuki,Grand Vitara,2006,5TFCY5F14DX030277,10119,45793.14,2
121,Volkswagen,Golf,1986,JH4KB16587C980676,18949,25870.31,3
122,GMC,Envoy,2007,3C4PDCAB3ET116694,71356,52080.84,4
123,Toyota,Celica,1983,1N6AF0KX3FN353290,33106,47731.49,1
124,Chevrolet,Lumina,1992,4T1BK3DB8AU663757,20690,47939.84,2
125,Lincoln,Mark VIII,1996,1D7RW7GP7AS885309,122304,30879.7,5
126,Mazda,B-Series,1992,5GAKVDED9CJ673964,116985,17965.58,5
127,Lexus,GX,2003,WBAKB8C54AC665716,48847,21659.5,5
128,Mitsubishi,Eclipse,1994,WAULT58E04A184533,77753,3504.94,5
129,Jeep,Liberty,2007,2G4GU5EV0C9448930,67562,42091.19,1
130,Spyker,C8 Spyder,2004,1GTPCTEX7AZ955209,104190,46578.41,1
131,Mitsubishi,Endeavor,2006,WVWED7AJ6CW593309,53439,21031.69,2
132,Volvo,XC90,2011,WAUDGBFL4CA456055,121613,33140.94,4
133,Mitsubishi,Pajero,2003,5J8TB3H58GL814755,105171,37953.98,4
134,Lamborghini,Murciélago,2007,19UUA66218A984888,81735,6044.92,4
135,Nissan,350Z,2007,WAUHF78PX9A289243,51013,24507.51,4
136,Acura,RSX,2005,1ZVBP8JS2B5354995,68645,35020.54,1
137,Mazda,RX-7,1990,1G6D25EY3B0503647,101048,19695.98,3
138,Chevrolet,S10,1997,3D7TP2CT4BG477724,55201,42055.9,2
139,Nissan,Sentra,1996,WDDGF4HB8CR621017,108482,51338.22,4
140,Porsche,Boxster,2008,1GKKRNED5CJ239568,53095,3551.22,4
141,Ford,Club Wagon,1998,3VW4T7AT6EM263203,79042,29371.24,2
142,Chevrolet,Tahoe,1997,WA1AGAFE1CD341391,97982,16699.62,2
143,Mitsubishi,Pajero,2000,JHMGE8G27AC522998,10096,31000.79,4
144,Volkswagen,Rabbit,2008,WAUWFBFL6AA494315,14452,5767.82,2
145,Cadillac,CTS,2005,1YVHZ8BH6D5426563,112685,40466.92,3
146,Lexus,LX,1997,1G6KS54Y11U595793,119222,50176.42,2
147,Mazda,MX-6,1993,5YMGZ0C52BL350573,56425,40974.53,1
148,Lotus,Elise,2011,WAUBFAFL8AA951859,72255,20536.02,2
149,Mitsubishi,Diamante,1998,WAULC68E15A976892,116691,6084.44,4
150,Chrysler,LeBaron,1993,SCBBB7ZH0CC771892,100189,48964.8,2
151,Pontiac,Sunbird,1988,2C3CDXEJ2FH075478,40938,36285.68,2
152,Chrysler,Concorde,2000,1D7RB1CP6BS255085,37889,32549.78,1
153,Cadillac,DeVille,1997,4T1BK3DB3BU026146,30694,51348.01,4
154,Infiniti,FX,2010,3D73M4CL0AG265941,88448,34655.2,3
155,Infiniti,I,1998,5FRYD4H9XGB394165,99073,34337.01,1
156,Isuzu,Amigo,1999,WBANV93549C804510,31718,6932.25,4
157,Subaru,XT,1985,KMHTC6AD5EU796443,105958,14877.91,2
158,BMW,X5,2010,1GKUCFDJ5AR971978,108956,21348.94,3
159,Toyota,Tacoma,2007,WAUDF68E55A597177,112563,26867.62,4
160,Mercedes-Benz,C-Class,2008,2C3CK5CV4AH280101,114485,4224.77,4
161,Honda,Accord,1997,5J8TB4H38GL070160,23006,26467.4,4
162,Volkswagen,Fox,1990,WBAUL73588V801814,119516,7998.39,3
163,Infiniti,G37,2010,1N6AA0CC0CN173254,61970,46740.54,3
164,Ford,Econoline E350,1992,3N1CE2CP7FL552564,29000,11771.88,3
165,Scion,tC,2009,WAULC68E94A639272,19356,14953.7,1
166,Ford,Explorer,2011,WBABD53474P751664,111789,3812.71,5
167,GMC,Yukon XL 1500,2010,2C3CDXFG7DH218425,40285,8628.59,1
168,Lexus,LS Hybrid,2010,19VDE3F32DE829695,47818,17073.26,5
169,Dodge,Dakota,2005,1G6DW677560118384,44033,32782.68,5
170,Toyota,Matrix,2010,1GD22ZCG5CZ233139,48296,12441.09,5
171,Volkswagen,Touareg,2003,3FA6P0LU8ER742602,60988,33354.14,1
172,Volvo,S60,2004,3VW1K7AJ7CM770418,88037,11178.63,1
173,GMC,Yukon,2000,WBA3A5C59EF490485,106116,42492.65,3
174,Mitsubishi,Montero,2002,1FTSF3A57AE561431,47230,54222.37,1
175,Ford,Edge,2007,5UXFG435X9L853973,104433,33595.4,1
176,Mitsubishi,Mirage,1984,5J6TF1H38BL629386,109948,25404.49,3
177,Saab,9-Mar,2012,JM1CW2BLXD0659465,17912,26026.79,1
178,Chevrolet,Tracker,1999,19UYA426X1A160506,111088,40239.59,3
179,Hummer,H2 SUT,2006,1GYUCHEF8AR580061,104816,2512.78,3
180,BMW,530,2005,1FTWF3D58AE631841,122858,12089.46,2
181,Mercury,Mariner,2011,5GAKRCKD8EJ515153,52000,23225.66,1
182,Chrysler,Crossfire,2006,1G6DA5E57C0955871,71572,43887.09,5
183,Mercedes-Benz,S-Class,1998,WBAWV5C52AP607619,71888,54870.29,4
184,Volvo,850,1997,1YVHZ8BAXA5654094,20068,40289.82,5
185,Mercedes-Benz,500SEL,1993,2C3CA4CD2AH172239,24764,10630.08,4
186,Subaru,Impreza,1996,WA1VYAFE6AD894713,44823,5403.64,4
187,Acura,RL,2002,3C63D2GL1CG271637,99624,51782.25,1
188,Dodge,D150,1992,WAUWGAFB9BN989701,60463,17185.75,4
189,Dodge,D350,1993,WDDNG7BB2BA740886,70312,10513.63,1
190,Lexus,LS,1990,1G6DM5E38D0698985,15783,36772.34,4
191,Honda,Accord,2006,1FAHP3FN7AW668367,59325,3494.96,1
192,Chevrolet,Cavalier,1999,YV4952CY6C1492096,48762,50784.67,2
193,Pontiac,Bonneville,2002,5LMJJ2H59EE824093,116600,43261.47,1
194,Dodge,Ram 2500 Club,1999,5GAKVDKD7DJ676674,23464,52601.34,1
195,Kia,Spectra,2003,5LMJJ2JT6FE968582,68849,39776.88,3
196,Honda,CR-X,1985,1GYS4JEF6DR611372,116673,22812.44,2
197,Dodge,D350,1992,JM1NC2JF0D0951610,75635,13072.28,2
198,Studebaker,Avanti,1963,JH4NA126X2T412503,75212,38817.42,3
199,Lexus,ES,2010,5N1CL0MMXEC143394,97835,36933.13,4
200,Pontiac,Bonneville,1997,KMHCT4AE7CU334217,86990,45369.68,2
201,Ford,C-MAX Hybrid,2013,1FADP3E23FL419675,25924,29419.77,3
202,Volvo,850,1994,SCFHDDBT8EG776706,40446,43180.65,3
203,Infiniti,Q,2004,3D7TT2HT3AG690134,30215,53222.45,5
204,Nissan,Versa,2009,SALAB2V67FA977820,67088,43933.1,4
205,Acura,NSX,1993,JTEBU5JRXE5455466,15167,49990.06,4
206,Infiniti,I,2002,KNDMG4C3XA6578258,58541,32792.52,1
207,Ford,Crown Victoria,2007,3FAHP0KC8AR548731,96652,8514.76,1
208,Mercury,Tracer,1995,WAUCFAFR0EA966483,52168,6281.13,2
209,Jeep,Liberty,2007,1N6AF0KY1FN925790,80961,38174.84,5
210,Mitsubishi,Eclipse,1992,KL4CJGSB7EB276893,80033,53198.49,5
211,Pontiac,GTO,1964,1D7RE2GK8BS043722,11461,12968.25,4
212,Chevrolet,LUV,1979,KL4CJFSB1DB882683,36125,39344.34,2
213,Plymouth,Neon,2001,3D73Y4HL1BG414405,124661,26291.91,2
214,GMC,Yukon XL 1500,2005,1B3CB9HA9AD240667,119778,52165.95,1
215,Land Rover,Freelander,2005,WBADN53492G909991,24269,13728.45,5
216,Pontiac,Trans Sport,1992,WAUVT68E82A509036,72813,50307.67,4
217,Dodge,Magnum,2006,JTEBU5JR6B5466007,102103,11946.21,1
218,Volkswagen,Jetta,1987,1HGCR2F34DA675187,83582,54740.68,4
219,Honda,Accord,1999,WAUVT58E25A763355,117076,51715.65,5
220,Mercedes-Benz,S-Class,1986,2C3CCAEG0EH359453,44388,34705.4,3
221,Toyota,Highlander,2010,19XFA1E68BE399275,62652,36704.77,2
222,Austin,Mini Cooper,1961,1C3BC4EB9AN446884,19816,53959.35,2
223,Pontiac,6000,1986,WBA4B1C53FG190950,16764,29422.04,4
224,Chevrolet,Suburban 2500,2007,WBA3A5C52DJ733467,88955,35002.51,4
225,Mercedes-Benz,S-Class,1999,WDDEJ8GB9AA696321,49157,49959.66,2
226,Ford,Fusion,2007,1FTEW1CF2FF072444,25810,17758.1,5
227,Honda,Odyssey,2009,WDDEJ7GB8BA375723,80147,12140.26,2
228,Mazda,626,1998,5N1AR2MMXDC249828,65341,16885.82,3
229,BMW,1 Series,2010,1GD422CG7EF159937,67869,49430.13,2
230,Lincoln,Continental,1988,WDDLJ6HB5FA101322,46780,19191.92,3
231,Suzuki,Esteem,2001,WAUVC68E34A941391,43432,2704.79,1
232,Chevrolet,Impala,2012,WP1AA2A21CL745755,19519,26169.59,4
233,Cadillac,Escalade ESV,2006,5J6TF1H30AL245648,18989,52169.13,2
234,Mazda,Mazda6,2010,JH4CL96906C423097,11930,27498.19,3
235,Eagle,Vision,1995,SCFEBBBK1BG473573,91534,35948.14,3
236,Nissan,Altima,2011,5FRYD3H45GB056980,76890,33415.34,1
237,Mercury,Tracer,1988,WAUBNAFB6BN882741,19013,23647.58,2
238,Toyota,Celica,2000,1FMJK1G54EE263150,96871,12295.53,4
239,Lexus,SC,1995,WBAPH5C51BF208123,104675,3892.41,3
240,Mazda,Mazda6,2004,3D4PG3FG0BT591052,114782,13221.43,1
241,Volvo,XC70,2005,1G4GE5EV1AF499662,16314,51476.44,4
242,Mercury,Grand Marquis,1991,1G6AH5S39E0421629,112214,16212.28,1
243,Isuzu,Trooper,2001,1GYS4KEF4BR845982,99372,47095.09,5
244,Subaru,Leone,1989,SCBGH3ZA5FC399325,28944,30826.23,2
245,Ford,F250,2000,SCBLC37F94C400212,58403,35204.66,3
246,Ford,Escort,1997,WAUEF98E76A222124,76495,54684.79,3
247,Pontiac,Montana,2002,JN8AZ2NC8C9438830,70215,43592.12,2
248,Chevrolet,Express 3500,2004,1G4GE5ED9BF208379,35032,52524.09,2
249,Mazda,MX-5,1995,5J6TF1H35BL661552,101378,4207.98,2
250,Lincoln,Navigator,2007,1FTEW1CM6EK013188,89439,19931.75,3
251,Dodge,Ram Van B350,1993,WAUXF78K99A232936,113900,45532.05,3
252,Lexus,IS,2012,2C3CCARG0DH546152,105245,41385.92,3
253,Lincoln,Town Car,2011,5N1AL0MM4FC190462,79526,19474.33,2
254,Suzuki,Reno,2007,WBAVS13527F823787,106496,51146.44,4
255,Mazda,626,1992,JN8AZ2KR9BT873494,100372,34715.02,2
256,Lexus,LX,2002,WAUAH94FX7N745249,102864,46923.37,5
257,Mazda,B-Series Plus,2002,WBAVT73527F554528,59696,41926.43,5
258,Honda,Civic,1997,3N6CM0KN2DK612075,19723,26356.37,2
259,Volvo,V40,2003,1G6AL1R33F0155359,41657,34678.01,4
260,Mazda,Familia,1992,1G6DM57N940583049,18152,37610.08,4
261,Acura,TL,2006,JM1BL1H39A1906812,62343,2536.26,1
262,BMW,M3,2001,SALFR2BG1DH535764,38732,54291.11,1
263,Ford,Escort,1996,JN1AZ4FH6FM983060,103748,36682.38,2
264,Toyota,Celica,1998,3D4PG7FG3BT723809,27264,32635.79,5
265,Lincoln,Town Car,2009,YV4960DL5A2120258,44268,43221.12,2
266,Lexus,LS,2007,1B3CB1HA4AD530770,64276,38148.12,3
267,Lincoln,Mark VII,1992,5UXKR0C53F0079399,73605,53027.08,2
268,Mazda,626,1987,1D7RV1GT6BS342421,39375,13025.24,1
269,Mercury,Sable,1999,2HNYD18865H877113,72904,9035.31,2
270,Mitsubishi,Pajero,2006,SCFFDABEXCG385397,45537,34066.44,3
271,Chevrolet,Corsica,1996,WAUBNAFBXBN111456,114466,37571.53,5
272,Lincoln,MKX,2011,3C6LD5BT1CG305536,103348,41803.8,1
273,Nissan,Maxima,2010,KNAFU6A29A5851863,104496,35079.68,4
274,GMC,Terrain,2012,1FTEW1CW1AK789370,116562,43526.66,5
275,Ford,Fairlane,1965,2G61T5S37F9749945,54575,48270.21,2
276,Buick,Riviera,1999,1FAHP2DWXAG025866,114755,53946.96,2
277,Maserati,Gran Sport,2006,1GYS3JKJ0FR165380,120446,13649.39,4
278,Ford,F250,2010,3GYFK66N44G299370,35256,16830.28,3
279,Mercedes-Benz,300D,1992,WBAPM7G56AN660185,52676,38474.92,4
280,Mazda,Protege,2001,4F2CY0C75BK858229,66366,29664.18,2
281,Honda,Odyssey,2008,WBAYF4C57FG294056,10508,23534.44,2
282,Nissan,Rogue,2012,1GKUKFDJ5AR234945,28611,41901.38,3
283,Mitsubishi,Pajero,1992,1G6KP5ESXBU167878,65417,49024.34,1
284,Suzuki,Daewoo Magnus,2005,WAUWFBFL9CA907041,49412,37277.82,4
285,Austin,Mini Cooper,1961,3GYFNCE3XDS486003,112267,31078.49,3
286,Dodge,Grand Caravan,1995,WBA4B1C51FD917732,15481,30583.02,4
287,Suzuki,SJ 410,1986,2C3CCAEG3DH710208,54897,18558.68,4
288,Lincoln,Navigator L,2007,1GT02ZCG2EF378445,35049,39202.77,2
289,Ford,Econoline E350,2000,1N6AA0CJ9DN737337,58356,9889.56,2
290,Hyundai,Accent,2004,SAJWA2GZ1E8021019,108538,27744.94,3
291,Pontiac,Daewoo Kalos,2006,JN8AF5MR5DT442516,62098,51177.14,2
292,Chevrolet,Colorado,2009,WBAYA8C54DC692464,124066,28596.65,4
293,Pontiac,Bonneville,1994,1GKS1KE00ER421394,61408,10535.87,2
294,Maserati,Spyder,2005,WBA6B4C52DD707566,105633,2636.18,4
295,Hyundai,Azera,2011,WAUKGBFB2BN256796,96934,46867.29,4
296,Jaguar,XF,2010,1GTN1UEH2EZ063399,11611,10051.01,5
297,Chevrolet,Silverado 2500,2003,WAUGL58E35A764975,99759,48488.78,1
298,Audi,90,1989,1N4AA5AP8AC786307,88611,6119.95,1
299,Ford,F-350 Super Duty,2006,KM8JT3AB2BU425899,102561,39650.67,2
300,Cadillac,Eldorado,1992,5GAEV13DX9J101826,85877,33783.68,2
301,Lexus,LX,1996,1FTEW1CM7DF256645,71209,14207.28,2
302,Chevrolet,Malibu,2004,1FTEW1CM0DK394003,52405,43714.42,2
303,Subaru,Forester,1999,WVGAV7AX2CW400858,25438,21935.87,5
304,GMC,3500 Club Coupe,1993,JM1DE1KY7C0715406,100178,44791.84,4
305,Chevrolet,Cobalt SS,2007,WBAPT73539C380580,75697,47505.74,5
306,Chevrolet,Silverado,1999,WAUBFAFL5BA234241,52659,12786.28,3
307,Mitsubishi,Lancer,2006,WBAUC7C56AV204893,65445,13302.11,2
308,Pontiac,G5,2007,3N1CN7AP0FL875645,106458,37721.61,4
309,GMC,Canyon,2006,NM0KS9BN3DT885747,94341,28275.11,5
310,Ford,Freestar,2005,5BZAF0AA8FN487387,11153,40501.9,1
311,Suzuki,Swift,2000,5UXWX7C50E0368058,101112,4322.31,5
312,Dodge,Ram 1500,2010,JHMGE8G20AS917031,49913,4728.92,3
313,Mazda,Mazda6 Sport,2006,3FA6P0LU7FR906701,79113,10306.22,1
314,BMW,600,1959,WAUVC68E75A631343,44277,20108.94,5
315,Maserati,Biturbo,1985,WAUHFAFL1CN498139,50883,10937.05,1
316,Ram,2500,2012,3N1BC1AP8BL069464,67271,13895.4,3
317,Toyota,Corolla,2000,5TDBK3EH9CS194967,19995,44434.06,5
318,Pontiac,Grand Prix,2002,WAUEFBFLXCN947374,20975,29895.82,3
319,Dodge,Caravan,2008,1C6RD6NT7CS625934,48497,34596.37,1
320,Chevrolet,Corvette,2006,SCBBR9ZA8DC059187,64532,45703.89,1
321,Dodge,Durango,2001,4T3BA3BBXBU597954,11540,25318.51,4
322,Pontiac,Firebird,1993,WBA3B9C59FF391994,114452,27050.3,3
323,Nissan,Altima,2001,WVWAN7AN8EE220764,100250,20227.08,1
324,Dodge,Monaco,1992,1GD312CG0BF598942,72031,41790.27,2
325,Lincoln,Navigator,2004,WBADS43471G945552,68675,27175.31,4
326,Infiniti,Q,2006,JN1CV6EK7AM164712,19220,42146.24,1
327,Buick,Terraza,2006,KNDJT2A23D7133114,105407,42666.4,1
328,Bentley,Continental Flying Spur,2012,1GYS3CEF7DR283281,62979,3541.8,5
329,Lexus,LS,1993,2B3CJ4DG8BH194821,40196,3537.86,5
330,Chevrolet,Tahoe,2006,3VWML7AJXEM865763,101447,16323.64,4
331,Ford,Ranger,1994,KNAFK4A67E5545974,21104,39350.26,5
332,Audi,200,1990,5FRYD3H64FB397870,69634,46818.99,5
333,Acura,TSX,2005,1D7RE3BK1AS857691,115219,6759.63,2
334,Dodge,Grand Caravan,2000,SAJWA4EC7BM464269,101361,41033.49,4
335,BMW,645,2004,WAUEF48HX7K389313,70453,28561.94,1
336,Cadillac,Allante,1993,WA1CV74L27D944858,69613,29564.71,4
337,Cadillac,XLR,2006,1C3CDZCB0DN393336,99094,47090.37,4
338,Cadillac,Seville,1997,5UXFE4C51AL688311,98594,29765.35,5
339,Ford,Contour,2000,WA1VMAFE1AD872095,26681,23283.19,5
340,Porsche,928,1994,SCFAB42353K580658,30781,48757.39,4
341,Toyota,Sequoia,2009,1J4NF1GB4AD471364,119545,4984.11,3
342,Bentley,Continental GTC,2009,19UUA8F24BA741370,66440,4756.28,3
343,Audi,S5,2008,1ZVBP8AN7A5460576,18396,42292.86,5
344,Honda,Crosstour,2012,WUATNAFG7CN186221,65416,5480.63,3
345,Subaru,Justy,1989,WAUVFAFH3CN582798,82932,13712.19,1
346,Ford,Ranger,1991,YV4952CY9C1240519,58126,38629.18,5
347,Buick,Hearse,1996,JN1CV6EK1CM148556,84715,13939.47,3
348,Hyundai,Genesis,2009,WAUFFAFL3FA162737,40633,38064.87,2
349,Porsche,968,1994,JN8AS5MT2BW545637,122432,22445.66,2
350,Oldsmobile,Aurora,2001,WBAVB13566P919432,113354,16263.52,3
351,Lexus,IS-F,2008,5TDBKRFHXFS554365,63569,38457.55,4
352,Ford,F350,2009,4USBU53537L837295,70173,29420.51,5
353,Mitsubishi,Truck,1996,WAUSF98K49N752928,86246,5338.02,5
354,Chrysler,PT Cruiser,2002,5J8TB1H20AA700780,113729,29159.73,4
355,Ford,LTD Crown Victoria,1989,5XXGM4A78FG949213,98964,48365.07,4
356,Lincoln,MKS,2011,WA1VGBFP5EA952635,98181,15018.83,5
357,Lincoln,Town Car,1997,JN1BV7AP1FM968739,19485,29590.05,1
358,Lexus,GS,2005,3C3CFFHH4DT730032,72106,54354.78,5
359,Volkswagen,Golf,2006,2HNYD2H8XCH614707,100764,12949.05,5
360,Ford,Ranger,1994,1G6ET12912B287597,36687,12432.57,4
361,Toyota,Yaris,2011,1GYS4CEF7CR051064,42348,24974.49,2
362,Nissan,Sentra,2004,4T1BD1FK9EU994087,27478,49933.11,4
363,Aston Martin,Rapide,2010,1G6KF57922U752869,123305,28049.49,4
364,Mercedes-Benz,CLK-Class,2003,1GYFK16209R944922,31939,11371.56,4
365,Mazda,Protege5,2003,JN1AV7APXFM391365,27513,9210.56,2
366,Volvo,V40,2001,1FTEW1C81AF418610,93434,7179.9,5
367,GMC,Sierra 1500,2006,5LMJJ3H59CE656958,84083,26206.32,3
368,Mitsubishi,Lancer,2012,1N6AA0CC4BN664750,110130,36279.7,1
369,Subaru,Outback,2012,1FMCU5K39AK380217,124401,18595.49,5
370,Pontiac,Grand Prix,1984,WBAPH73549E578557,70857,42006.82,5
371,Mercedes-Benz,500SL,1993,1G6AM5S3XF0747288,24184,20463.23,3
372,Cadillac,Escalade,2003,2C4JRGAG1DR834644,20797,13189.1,3
373,GMC,Savana,2009,1GTN2TEH8FZ874472,90787,13419.76,5
374,Mercury,Capri,1994,WAUBH78E17A035609,41183,47567.66,4
375,GMC,3500 Club Coupe,1995,19UUA9E5XEA165502,51399,15055.19,1
376,Dodge,Nitro,2009,WVGAV3AX9DW468892,100577,53290.76,2
377,Volvo,S60,2005,SAJWA0HP1EM186240,55715,12951.6,3
378,Chevrolet,Suburban 2500,1996,19UUB2F7XFA320233,59978,26195.91,5
379,Mazda,B-Series Plus,2003,WBAVB33576A800755,100679,42924.6,1
380,Honda,Civic,1985,2G4GK5EX8E9659724,98394,11031.47,2
381,Volvo,240,1992,4T3BA3BB1FU945811,61655,34384.25,4
382,Pontiac,Safari,1989,1G6YV36A375810339,50452,42349.49,4
383,Oldsmobile,Intrigue,2001,2G61L5S32F9457345,120309,14211.95,4
384,Buick,Skylark,1987,WBAFU7C59BD859238,17152,5862.45,3
385,Toyota,Solara,2002,1G4HK5E94AU834716,62849,38061.87,1
386,Nissan,NV1500,2012,2C3CCADT2CH392062,20827,21363.05,1
387,Aston Martin,Vanquish S,2005,WAUBF78EX6A219449,19019,27482.78,2
388,Cadillac,STS,2006,JN1CV6EL8EM398520,26195,14398.49,4
389,Lincoln,Town Car,1988,1G4HR57Y28U099857,92875,40278.17,1
390,Chevrolet,Astro,1995,3VW467AT9CM873150,79551,42682.04,5
391,Land Rover,Range Rover Sport,2006,19XFA1F38AE331173,10052,7547.27,3
392,Ford,F-Series,1990,5N1BA0NC9FN231866,27178,37479.47,5
393,Lincoln,Navigator,2003,2HNYD28297H721863,34937,22244.08,3
394,Chrysler,Sebring,2008,1G6D25EY8B0081651,121633,46957.31,4
395,Chrysler,Sebring,1998,3C4PDCBB8ET312547,38190,40194.69,2
396,Nissan,Quest,1999,JN1EY1AP3DM924336,123255,49328.07,3
397,Volkswagen,Vanagon,1984,WAUJT68E95A802673,124292,54868.56,5
398,Ford,Taurus X,2009,KMHTC6AD7EU956452,99407,25103.98,3
399,Lexus,LS,2005,SCFAB42371K238870,84940,49093.03,5
400,GMC,Savana 3500,1998,WBAPH7C5XAA716663,64322,37903.43,1
401,Cadillac,CTS-V,2009,KNDPB3ACXE7967927,10167,48443.83,1
402,Acura,RL,2004,3C3CFFHH7ET245563,100381,10887.72,3
403,Toyota,Yaris,2008,3D73Y4HL7BG155967,94953,54309.71,4
404,Chevrolet,Lumina,2001,5TDDCRFH9ES400377,82809,10385.87,1
405,Mercury,Mountaineer,2004,YV4902DZ2D2483669,59931,10319.78,2
406,Hummer,H3,2006,1N4AL3AP4EC714704,83846,4127.19,2
407,Bentley,Continental GT,2006,WAUVT68E22A602196,69287,25529.8,4
408,Honda,Odyssey,2010,2G4WS55J941029893,63639,50602.3,4
409,Lexus,GX,2007,WDBWK5JA9BF799090,36985,53113.98,4
410,Lincoln,LS,2004,YV1612FH5D1191764,72741,34958.8,2
411,Toyota,Echo,2003,3VW517AT4FM916123,23575,35168.21,4
412,Jaguar,XK Series,2000,JHMZE2H55AS167088,106479,3294.15,2
413,Bugatti,Veyron,2011,WDDGF5EB1AA860253,44330,54521.74,5
414,Chevrolet,Silverado 3500,2009,JH4CL95806C289670,90324,37649.14,1
415,Infiniti,FX,2004,1HGCR6F57EA957995,95444,21698.83,5
416,Toyota,Camry Hybrid,2008,WP0CA2A87BU112431,25138,45626.27,1
417,Chrysler,Pacifica,2006,2B3CM5CT4BH012365,70706,31564.66,2
418,Chevrolet,Aveo,2005,WBA1K5C55FV135552,36213,15363.88,4
419,Kia,Spectra,2009,3FADP4AJ5FM850374,38100,43430.57,4
420,Buick,LeSabre,1994,1C3CCBBB0DN066821,84612,3337.35,2
421,Mazda,MPV,1993,WBAWL13578P846933,75717,35093.23,2
422,Dodge,Dakota Club,1996,5TDDK3DC8BS007098,39909,32192.98,4
423,BMW,530,2005,KM8JT3ABXBU395082,95779,40954,4
424,Volvo,XC90,2008,JH4DC44591S818692,15192,27772.38,2
425,Suzuki,SX4,2012,1G6DK8EG0A0594898,110187,28062.45,3
426,Mercury,Cougar,1968,WAUEF78E58A299906,49155,35979.19,2
427,Kia,Optima,2011,1D4PT2GK9BW115661,54212,38585.17,2
428,Mercedes-Benz,E-Class,2001,WAUWFAFH9EN113545,122719,54739.55,4
429,Ford,Transit Connect,2012,SCBCP7ZA9AC516888,27176,3902.37,1
430,Oldsmobile,88,1998,ZHWGU5BZ1CL043090,118442,10733.44,1
431,Infiniti,QX,2011,W04GX5GV0B1143997,65395,27758.34,4
432,Mitsubishi,Outlander,2007,WBADT33472G636365,50750,2592.25,4
433,Chevrolet,Camaro,1970,3C4PDCAB2FT838420,95096,49581.8,1
434,Volkswagen,Golf,1984,JN8AZ2KR0AT941616,40753,39513.56,2
435,Toyota,Celica,1996,WBAWC3C56AP803444,112863,31154.84,4
436,Suzuki,SJ,1994,SALSF2D48CA177628,83031,38002.48,5
437,Cadillac,DeVille,2001,WAUGF98KX9A798809,37709,46289.19,2
438,Toyota,Land Cruiser,1997,1G6DN57S540153019,97882,31819.78,4
439,Saab,900,1992,SALWG2VF7FA265332,75747,49719.44,3
440,GMC,Jimmy,1992,1G6DU57V690652688,43893,25901.7,5
441,Volvo,V70,2003,WBAYE4C53ED608398,65530,27183.4,5
442,GMC,Savana 3500,2002,1N6AA0CH9EN483501,75871,12760.13,2
443,Kia,Sephia,1998,19XFA1E30AE047263,33588,19369.61,2
444,Lamborghini,Diablo,1990,WAUHF98P76A201918,17643,14654.17,4
445,Lexus,SC,2010,TRUVD38J991164143,40143,37364.41,1
446,Ford,Thunderbird,1985,WA1LGBFE7ED466400,102756,37923.69,5
447,Ford,Taurus,2004,2C3CDXJG4FH919952,83615,20952.81,3
448,Chrysler,Sebring,2007,1FADP3E20DL562600,32048,16811.67,2
449,Suzuki,Samurai,1994,WBASP0C55DC664548,94748,16154.54,2
450,Lincoln,Town Car,1992,WBAVB77588N853994,65944,51413.02,1
451,Subaru,Outback,2007,3D73Y4HL3AG115495,62741,22653.16,2
452,Plymouth,Colt Vista,1994,WVWAP7AN2EE092709,32820,35529.83,2
453,Buick,Reatta,1989,2C3CA5CV1AH502418,118932,26726.27,5
454,Audi,TT,2008,WBA6A0C57DD018490,47783,34448.27,3
455,GMC,Rally Wagon G3500,1996,WAUFEAFM9BA625115,96961,11054.84,2
456,Maybach,Landaulet,2011,1G6DL5E30C0234087,46272,49312.83,3
457,BMW,7 Series,2001,4T3BA3BBXFU524069,58918,43986.46,2
458,Pontiac,Montana,2003,3C6TD5LT6CG975761,117794,20019.6,5
459,Nissan,Titan,2010,WAUHMAFC0EN398915,38711,31755.36,4
460,Dodge,Grand Caravan,2009,4USDU53548L116901,46242,37203.9,2
461,Dodge,Viper,2003,WAUKH68D11A532944,112652,42123.35,3
462,Dodge,Stratus,2003,WBA3N3C58FK454451,91929,13842.92,1
463,Isuzu,VehiCROSS,1999,JH4DC548X2C623115,82395,38689.81,2
464,Chevrolet,Corvette,1970,VNKJTUD38FA214770,71556,29670.06,4
465,Ford,Escape,2001,WAUMFAFL4AN384924,40901,8289.9,5
466,Volkswagen,GTI,1992,1G4GF5G35DF863210,80196,13426.24,4
467,Mercury,Mystique,1996,4T1BK1EB6FU383992,68503,15677.48,2
468,Bentley,Continental Super,2010,KMHGH4JF3BU436480,110417,13672.01,5
469,Pontiac,Firebird Formula,1999,WBAHN83528D227637,35283,4235.32,3
470,Ford,Escort,1984,SAJWA4DB2DL518918,13477,10680.67,5
471,Porsche,Boxster,1997,WAUVFAFHXAN989806,67849,28324.48,4
472,Maserati,GranTurismo,2009,5J6TF1H30BL843689,67988,53906.26,1
473,Daewoo,Leganza,2001,JH4NA12665S876432,104746,44244.97,2
474,Volkswagen,Touareg 2,2008,1GYUKBEF7AR327233,87168,10019.26,1
475,GMC,2500 Club Coupe,1997,4T1BK1EB5FU533316,123723,16488.39,5
476,Volkswagen,Cabriolet,1989,WAUAF48H49K099232,96250,40064.88,4
477,Ford,Mustang,1980,WBABS53492J080942,93739,32242.86,2
478,Ford,Explorer Sport Trac,2000,1D7RE3GK3BS926388,33528,44648.61,2
479,Acura,TSX,2005,2G4WC582981109380,22532,31288.15,5
480,Ford,Th!nk,2002,JH4DC53062C546898,74991,22364,2
481,Buick,Park Avenue,1997,5GALRCED1AJ556234,37568,22292.79,3
482,Dodge,Sprinter,2008,JM1GJ1U55F1133556,52521,27571.84,4
483,Volkswagen,Golf,1996,1G6DP8EDXB0281981,82700,50500.13,2
484,Buick,LeSabre,1999,SCBLF44J58C640045,31760,6725.93,3
485,Plymouth,Laser,1994,JM1GJ1T64E1547680,85378,46534.05,4
486,Audi,A8,2007,ZFBCFADH8FZ564228,62754,10004.35,2
487,Volkswagen,GTI,1985,4USFE43587L937529,122611,40932.86,3
488,Maybach,62,2007,1C3BCBGG9CN602700,74537,29636.59,1
489,Pontiac,Sunbird,1987,WP0AB2A8XFK317957,32190,30943.26,5
490,Nissan,370Z,2011,1G6DK5E31D0563742,23190,35785.25,4
491,BMW,M6,2008,WBS3C9C55FJ552363,13751,21874.53,3
492,Isuzu,Amigo,1999,5N1AA0NE3FN751607,35331,4846.18,2
493,Land Rover,Range Rover,1994,YV1952ASXE1705680,102691,35091.59,2
494,Dodge,Dakota,2010,WVGDP9BP2ED471929,16170,42922.48,4
495,Honda,Pilot,2011,WA1VMAFE3AD385853,59026,11060.11,3
496,Volvo,S40,2002,YV4612HK5F1952047,32928,6966.41,3
497,Ford,Explorer Sport Trac,2000,1C3BC5ED7AN258369,104423,18680.93,3
498,Saab,900,1989,5UXWX7C57CL332637,67727,42673.11,4
499,Chrysler,LeBaron,1994,3D7JV1EP6AG377372,104527,11988.74,3
500,Infiniti,Q,2005,WBAKG7C53DJ993690,67894,41564.55,2
501,Honda,Accord,2003,WBAGH03461D147050,55848,39396.71,2
502,Jeep,Grand Cherokee,2004,1GTG5BE37F1429783,27640,2938.3,4
503,Chevrolet,LUV,1979,1N6AA0CC8FN322577,69093,54598.95,5
504,Dodge,Ram 1500,2003,4T1BD1EB6DU264279,58314,36745.6,4
505,BMW,5 Series,2009,WAU2GBFC2DN393605,16039,22599.49,5
506,Chevrolet,Aveo,2011,WAUVFAFR7BA905880,23857,35464.41,4
507,Toyota,Corolla,2011,WAUBF48H78K172256,81938,41905.73,5
508,Ferrari,599 GTB Fiorano,2010,5YMGY0C55D0200898,24895,32047.13,1
509,Chevrolet,Suburban 2500,2010,2B3CA2CV4AH963754,80978,44169.8,3
510,Mercury,Sable,1993,1D7CW2GK7AS316750,36778,43554.82,5
511,Honda,CR-X,1984,TRUTX28N411700299,33202,50897.64,3
512,Buick,Regal,1986,2C3CDZBT8FH657053,56180,28032.14,1
513,Mitsubishi,Truck,1994,5J8TB3H32GL444904,69751,10831.97,1
514,Porsche,911,1996,1N6AD0CU0BC960053,88036,49236.8,5
515,Mitsubishi,3000GT,1996,WAUGL98E76A570717,83308,31064.98,5
516,Chrysler,PT Cruiser,2007,1D7RB1GK7BS419488,59758,4630.44,1
517,BMW,X3,2008,JN1AZ4FH3FM386285,46197,11096.86,4
518,Chevrolet,Express 2500,1998,5FPYK1F23BB034599,96520,41939.86,5
519,Porsche,Boxster,2002,1N6BF0KLXFN549907,118370,17892.7,1
520,Audi,A8,2008,WAUXD68D22A593495,29084,20592.7,5
521,Honda,Pilot,2007,JH4KB2F59AC355135,70308,30729.86,4
522,Honda,Ridgeline,2008,1GYS4EEJ5CR893479,53797,51486.38,2
523,Hyundai,Santa Fe,2001,WAUJFAFH1EN594255,74280,23437.62,4
524,Buick,Riviera,1992,JTDBT4K32B4592009,123449,6662.19,4
525,Ford,Bronco II,1990,WBADT63462C860672,102726,10571.02,3
526,BMW,Alpina B7,2008,SCBZB25E42C803285,116805,27733.16,5
527,Cadillac,XLR,2006,WA1UFBFL3DA927016,53743,37258.14,1
528,Ford,Focus,2000,WAUJT58E43A533084,48479,12224.73,4
529,Lamborghini,Diablo,2001,WA1BV94L17D228797,39800,28624.91,3
530,Mazda,Miata MX-5,2009,WAULC58E44A203360,17096,8553.37,5
531,Volkswagen,Corrado,1993,19UUA56942A802910,64129,33706.96,5
532,Hummer,H1,2000,JH4CU4F49AC853014,81720,24196.49,4
533,Mercedes-Benz,Sprinter 2500,2011,WAUDH98E58A829731,108481,25053.15,2
534,Land Rover,LR3,2008,WA1WGBFP2EA072478,112324,36909.38,2
535,Acura,RL,2000,JH4KB16637C019248,101356,18356.31,2
536,Oldsmobile,Aurora,2003,3C3CFFDR2FT602793,34818,38643.65,3
537,Ford,Edge,2010,1G6DM8EV5A0637141,75744,5028.88,2
538,Subaru,Impreza,2007,WBABD33466P754188,26359,44043,1
539,Cadillac,CTS-V,2012,WAUBF48HX8K346420,55384,28681.64,5
540,Toyota,Prius,2007,1C4NJPBA8FD101774,49569,39729.84,3
541,Jeep,Liberty,2012,1YVHZ8BH2C5775606,75141,50271.94,3
542,Volkswagen,Routan,2012,WAUBC48H76K553594,64018,20810.57,1
543,Dodge,Ram 3500,1995,1N6AA0CC3CN029701,91932,18620.46,2
544,Mercury,Sable,2004,WAULC58E82A410668,37811,23079.98,2
545,Chevrolet,TrailBlazer,2004,WAULC58E93A150542,102229,36913.69,2
546,Volkswagen,GTI,2009,1G6DP8EV3A0749024,93195,23309.8,2
547,Mitsubishi,i-MiEV,2012,1N6AD0CU6AC169203,29450,11826.81,5
548,Toyota,Land Cruiser,1997,5N3ZA0NC4AN501424,54449,54650.43,5
549,Nissan,Maxima,1997,WAUJC58E75A985744,73902,28303.22,2
550,Lamborghini,Murciélago LP640,2008,1FMJU1G54AE143076,100000,35334.16,1
551,Cadillac,Escalade,2010,1G6DF8E52C0866678,95217,22100.58,5
552,Pontiac,Bonneville,2001,JH4DC53045S797638,86117,2753.18,4
553,Honda,Civic,1989,1FTEX1E86AF249548,110945,14666.62,2
554,Mercedes-Benz,SL-Class,2008,5TDBY5G12FS935796,107184,17678.32,5
555,Subaru,Brat,1986,WAUDFAFC4FN181619,76538,44055.49,2
556,Nissan,Sentra,2011,1G6KH5EY4AU114819,79033,20682.62,3
557,Chevrolet,Cobalt SS,2009,SALFR2BN3AH281727,14740,5345.6,4
558,Ford,Focus,2004,5J8TB1H53CA178577,86733,47499.63,2
559,Chevrolet,Camaro,1993,1FAHP2D82FG898214,94121,25357.45,2
560,Volvo,S80,2011,WA1EY74L07D918128,115181,24497.24,5
561,Mitsubishi,Eclipse,2011,WAUPEBFM2DA851350,112709,14638.19,5
562,Suzuki,Swift,2000,1GYS4JEF6ER779692,14687,50266.41,4
563,Suzuki,Swift,1996,3VWKX7AJ1DM255230,58507,18218.85,1
564,Buick,Skylark,1985,1G6DP5EV3A0440345,73952,27864.67,2
565,Lincoln,Town Car,1984,WA1WMBFE7CD079302,16712,45973.34,2
566,Chrysler,Sebring,2006,WAUBNAFB0AN756650,46206,14948.07,2
567,Daewoo,Leganza,1999,NM0KS9BN1DT284868,63729,10568.01,2
568,GMC,Yukon XL 2500,2002,5UXFG2C5XCL343568,93527,16391.52,4
569,Ford,E350,2012,WAUFGAFC6FN668083,43457,21110.89,2
570,Pontiac,Grand Prix,1998,KNAFX5A85E5563754,29004,27274.28,3
571,Lexus,GS,2000,5N1AN0NU8AC539835,56186,18746.59,3
572,Kia,Rondo,2010,YV440MBM0F1200515,111933,39043.01,4
573,Honda,Pilot,2005,4T1BK3DB0BU998528,50530,48090.61,1
574,Isuzu,Rodeo,1992,2T1BU4EE2CC754519,62180,10049.93,5
575,Dodge,Aries,1981,5J8TB3H53EL781144,54223,49377.13,3
576,Cadillac,DeVille,2004,5N1AL0MM5DC181556,54581,24534.65,3
577,Suzuki,Reno,2007,WVWED7AJ3CW936478,108895,38573.39,5
578,Toyota,FJ Cruiser,2012,3TMJU4GN0DM789822,53401,27504.95,5
579,Acura,Integra,1996,WBANN73507C692953,96465,45073.09,3
580,Maserati,228,1990,JM1NC2LF4F0049333,70173,51123.56,3
581,Dodge,Viper,2001,SCBLF44JX8C700126,20580,41142.72,5
582,Chevrolet,S10,2001,YV126MFK0F1659216,69194,30451.42,4
583,BMW,6 Series,2009,JA4AD3A31FZ407679,98328,51956.08,5
584,Mazda,Protege,1993,4T1BF1FK2EU933108,44031,19841.01,4
585,BMW,6 Series,2004,KMHHT6KD6CU721493,60580,16513,4
586,Bentley,Brooklands,2010,JH4DC44561S446888,47434,20270.6,4
587,Corbin,Sparrow,2004,WBS3R9C57FK012747,106604,21838.48,4
588,Hyundai,Tucson,2008,WAUJT54B72N129294,30588,41266.19,4
589,Lotus,Exige,2011,JM1NC2SF1F0210965,86874,28799.51,5
590,Land Rover,Range Rover Sport,2006,KNAFK4A69F5974843,63092,28960.9,4
591,Lexus,RX,1999,WAUAGAFD1DN674339,46966,40267.25,1
592,Maybach,62,2004,WAULT58E02A632539,17867,34468.12,5
593,Ford,Mustang,1968,WAUKFBFL4EN435597,59940,42778.31,3
594,Eagle,Summit,1993,2C4RRGAG1ER403502,31483,19926.87,5
595,Chrysler,Aspen,2008,1D7RV1GT2BS154589,58343,26300.37,4
596,Ford,Five Hundred,2006,WAUSG78E76A803417,68751,14366.53,1
597,Toyota,Sequoia,2006,JTDKDTB39C1882001,91985,46969.33,4
598,Lotus,Exige,2010,WDCGG5GBXCF654790,113602,21830.42,1
599,Suzuki,Sidekick,1994,1ZVBP8AM3C5247974,54215,35994.71,2
600,BMW,M5,2006,WAUSFAFL2BA506342,103113,37436.29,2
601,Plymouth,Horizon,1978,1FTEX1E89AK431235,93036,18404.32,5
602,Porsche,Boxster,2010,WAUDG98E06A582408,115271,43986.24,2
603,Chevrolet,Suburban 1500,2000,3VW1K7AJ8CM266055,108727,37357.28,2
604,Chevrolet,S10,2004,1GYS3FEJ3DR556450,116443,21521.11,1
605,Dodge,Ram Wagon B250,1994,3C63DPHL0CG639933,100792,28243.01,1
606,Chevrolet,Silverado 1500,2002,SCFBF03B58G676646,119271,24229.68,3
607,Jaguar,XJ Series,1998,19UUA66284A690561,18853,43132.24,4
608,Chevrolet,Cruze,2013,3VWML7AJ2EM798270,19955,9465.79,3
609,Lincoln,Town Car,2005,WAUBF78K69N362109,32557,16915.59,4
610,Chevrolet,Express 1500,2004,1G6KE57YX5U779431,99159,18592.64,5
611,Ford,Mustang,1973,5N1AA0ND7FN904044,14024,12490.73,2
612,Audi,TT,2009,WAUKFBFL0AA668636,33523,16770.57,4
613,Toyota,Land Cruiser,2001,WAULT68E15A820819,120311,5565.95,4
614,Mercury,Lynx,1987,WBAAV53421J754477,20965,36371.81,5
615,Mazda,323,1993,JH4CU25679C393466,72106,33575.94,2
616,Volkswagen,Eos,2011,1G6KE57Y62U878906,102913,51279.97,2
617,Ford,Aerostar,1988,5J8TB18297A870306,35396,31595.58,2
618,Mercury,Sable,1988,WAULL44E35N864162,91569,20847.98,5
619,Dodge,Charger,2012,WBA3T7C57FP029402,118250,38146.02,5
620,Maybach,57,2012,2G4WF521041909776,37400,13883.7,1
621,Ford,Escort,1985,WBAUL7C52AV290753,44763,6160.52,2
622,Isuzu,Oasis,1997,WAUKFAFL5DA812678,107502,30888.53,5
623,Ford,F-Series,2004,2HNYD2H82CH564272,85424,6835.52,2
624,Ford,F250,1992,WAUSF78E28A515150,27741,8713.66,5
625,Toyota,Solara,2007,KMHTC6AD6EU215824,81933,32163.7,4
626,Suzuki,Grand Vitara,2002,WAUEL94F66N216895,118526,14738.08,5
627,Land Rover,Defender 90,1994,WAULC68E54A938743,40662,35018.04,2
628,Nissan,Pathfinder,1994,5N1AL0MM6EC959753,101338,47251.16,4
629,Lexus,GS,2008,2HNYD18622H015243,40735,48465.57,1
630,GMC,Canyon,2006,WBASP2C58CC560825,28759,43320.19,1
631,GMC,Sierra 1500,2000,WBAVL1C50FV900724,100602,33513.45,5
632,Chevrolet,Corvette,1967,1N6AF0LYXFN684939,35333,10575.78,4
633,Lamborghini,Countach,1990,WP0AA2A9XDS881472,52875,6838.35,3
634,Infiniti,M,2008,1FTSW2B52AE228319,96742,43607.1,1
635,Chevrolet,G-Series 3500,1997,5N1AZ2MG0FN921560,41065,38549.71,4
636,GMC,Envoy,1998,1YVHZ8BH9D5911683,66494,18362.98,1
637,Mazda,RX-8,2006,JN1CV6FE0BM397986,61077,39306.72,4
638,Maserati,GranTurismo,2008,JN1AY1AP5BM143491,80657,27810.72,5
639,Chevrolet,Monte Carlo,1998,JTHFE2C23B2830644,119915,24390.23,3
640,GMC,Sierra 1500,2009,WAUAVAFD6BN841572,64105,53715.81,3
641,Lincoln,Town Car,2004,1G4HA5EM6BU268938,13827,47211.55,4
642,Nissan,Maxima,2010,4A31K2DF9BE517843,67607,40904.11,1
643,Chevrolet,Corsica,1992,2HNYD18264H704962,66767,19808.48,4
644,Mercury,Milan,2007,YV1612FH4D2280476,13224,40398.82,2
645,Cadillac,STS-V,2008,1G6D25ED2B0152713,116850,15458.26,2
646,Toyota,T100 Xtra,1995,WAUJC58E23A928655,96553,9606.32,5
647,Chrysler,Imperial,1993,JM3TB2BA9D0921400,52040,51227.24,1
648,Ford,Focus,2005,1G6KD54Y35U861637,54752,34519.21,4
649,Audi,A6,2006,KMHFG4JGXFA739528,48541,48283.41,3
650,Subaru,Legacy,1994,1C4NJPBA7ED724981,90651,41108,1
651,Oldsmobile,Silhouette,1994,1G6DD1E30E0473888,120808,38711.4,3
652,BMW,545,2005,WAUEFBFL1CN070676,77449,22832.15,4
653,Mitsubishi,Mighty Max,1992,2T1BPRHE6FC263391,13148,9540.84,5
654,Nissan,370Z,2012,1GYS4AKJ9FR512556,86965,27945,1
655,Toyota,Yaris,2006,WBAUL7C56CV164088,63479,25874.81,5
656,Mercedes-Benz,S-Class,2006,1GD02ZCG7BF355749,17602,32245.94,2
657,Dodge,Viper RT/10,1994,JTHDU1EF5E5659824,58900,44769.22,5
658,Mercury,Grand Marquis,2001,KMHGN4JE5FU580974,121649,31082.46,5
659,Chevrolet,Suburban 2500,1995,1GYS4GEF4BR850838,49543,46981.76,2
660,GMC,Suburban 2500,1997,WA1YD64B35N632193,37437,43036.58,5
661,Infiniti,M,2009,1G6DG1E36E0540064,68981,41542.87,3
662,Aston Martin,Virage,2011,SCFEBBCF4CG230570,116292,54299.18,4
663,Mazda,Miata MX-5,2004,1G6AC1RX2F0753042,36647,18914.83,3
664,Mercury,Villager,1994,3D7TT2HT5BG521234,100476,32116.1,5
665,Volkswagen,Golf,1991,55SWF4JB9FU703993,121195,45345.48,4
666,Acura,MDX,2010,JN8AE2KP0B9115065,121462,33424.97,5
667,Chevrolet,Aveo,2010,4USBT53483L763313,58730,35509.53,5
668,Chevrolet,Express 2500,2007,KNDJT2A56C7853886,24632,42813.86,4
669,Hummer,H3,2009,WAUEH94F66N502828,111314,42533.54,4
670,Mercury,Villager,1999,1FTWX3A53AE259732,23927,21062.31,2
671,GMC,3500,1998,4A31K2DF5CE871893,62376,30313.7,5
672,Dodge,Viper,1995,19UUA56832A254051,106491,9128.14,2
673,Pontiac,Daewoo Kalos,2006,WDCGG0EB2FG338031,35756,23130.78,3
674,Subaru,Forester,2007,1FTMF1EW0AK985616,97802,9259.15,5
675,BMW,M3,1999,WBAPH57519N085059,110891,48388.77,3
676,Cadillac,SRX,2005,1G6D25ED4B0459123,15863,36871.54,1
677,Toyota,Camry Hybrid,2009,JTDBT4K37B1881324,32215,49685.45,5
678,Buick,Rendezvous,2002,WAUKH74F16N891112,48246,34425.76,4
679,GMC,Envoy XL,2002,JN1AZ4EH6EM262625,16975,6007.24,5
680,Audi,S4,2004,3GYFNEE30ES222849,90784,3034.84,3
681,Audi,S8,2008,TRURD38JX91817726,107769,20325.25,2
682,Chevrolet,SSR,2004,1FBNE3BL8ED805746,118642,52015.42,3
683,Porsche,Panamera,2012,KMHGH4JH1DU992503,12107,29243.18,1
684,Hummer,H2 SUV,2006,3VWJX7AJ5AM762820,97063,28559.06,4
685,Honda,Accord,1995,5J8TB18537A456108,101251,11967.47,2
686,Mercury,Capri,1985,WA1LFBFP5DA835775,45232,31407.11,3
687,Chevrolet,Corvette,1963,SALAK2V60FA996497,12178,50348.31,3
688,Kia,Sportage,2011,SCBLE37G66C145329,52556,48715.64,1
689,Mazda,MPV,2001,3D7TP2HT0AG044652,92057,31646.1,4
690,Audi,A6,1995,5UMCN93462L460231,121718,21849.88,1
691,GMC,Yukon,2005,JN1CV6EK9BM758333,24838,5461.94,5
692,Toyota,Camry,1995,WAULD54B13N987528,19029,38694.05,3
693,Mercedes-Benz,C-Class,2011,WBA3V9C50FP253830,113926,20657.3,5
694,Ferrari,F430,2006,1G6KE57Y73U295861,107791,17687.36,3
695,Ford,Contour,1998,WBAKE5C52CE982181,42339,16627.17,1
696,Volvo,S40,2006,WBALZ3C55CD597748,94713,21772.01,3
697,Honda,Passport,1997,WAUEV74F77N975863,24205,21357.51,5
698,Ford,Bronco II,1985,2B3CA2CV5AH789967,107448,8584.24,4
699,Land Rover,Freelander,2010,5J8TB2H58CA980449,57829,24969.44,5
700,Plymouth,Breeze,1999,YV1672MS9B2381829,120534,21559.81,1
701,Ford,Explorer Sport Trac,2004,WA1YD64BX4N294791,117338,24195.34,5
702,Subaru,Baja,2003,JN1AZ4EH5BM812585,118596,11903.72,1
703,Mazda,323,1992,YV4902NB8F1031865,110725,5048.26,3
704,Toyota,Prius,2011,1ZVBP8AM3D5201174,37129,43729.34,3
705,Volkswagen,Touareg,2005,3D4PH3FG3BT699825,14397,5594.89,4
706,Lexus,LS,2006,5TDBW5G17FS369902,106424,20349.98,4
707,Buick,Special,1962,SCFFDAAM6DG300002,41941,45093.43,1
708,Volkswagen,Cabriolet,1996,1N6AA0CC3BN550092,90875,8252.81,5
709,Nissan,Maxima,1993,WAUEF98E37A690403,62330,50363.33,3
710,Dodge,Dakota Club,1994,WBA3B3C53FF415039,34427,38167.77,4
711,Nissan,Altima,1998,WBANE73587B002193,102987,20670.08,1
712,Kia,Amanti,2004,WAULT58E92A845991,122695,9734.47,2
713,Mazda,Familia,1990,WAUAF78E88A022309,48728,37359.34,3
714,Buick,Rendezvous,2002,TRUVD38J791516880,107975,45794.54,2
715,Jaguar,XK Series,2013,4T1BF3EKXBU586507,23522,22761.93,1
716,Volvo,V50,2010,1N6AA0CC6FN454477,68724,13067.76,1
717,Plymouth,Neon,1996,WVGAV7AX3AW330350,86713,41202.12,3
718,Aston Martin,Vantage,2009,WAUBF78K99N780468,53143,3320.23,5
719,Volkswagen,Passat,1990,WAUDL64F25N689413,91322,12224.06,4
720,BMW,X5,2008,WAUVC58E85A218874,104365,15451.34,2
721,Mercedes-Benz,C-Class,2006,1YVHZ8BAXA5937157,99547,26388.06,5
722,Kia,Sorento,2004,1HGCP2E75AA196668,119229,14623.88,1
723,Volvo,240,1992,JHMZE2H32CS334704,25994,24977.55,3
724,Nissan,Xterra,2007,2T2BK1BA2EC416753,97167,31675.6,4
725,Rolls-Royce,Phantom,2008,19UUA8F2XCA683069,109318,9847.46,2
726,Chevrolet,Uplander,2006,WAUXL58E04A786821,117427,19141.76,2
727,Lexus,SC,2010,WAULT58E73A342736,13356,13663.11,1
728,Mazda,B-Series,1998,SCFEBBCF4CG077575,120957,39560.69,3
729,Mercury,Milan,2010,SCBCU7ZA7BC267212,105648,34666.9,3
730,Jeep,Wrangler,1992,WBAFR9C5XDD346662,21343,47356.3,4
731,BMW,M3,2005,JM1NC2LFXD0581022,39008,39161.55,3
732,Chevrolet,Express 3500,2010,3FADP0L31BR531719,26179,15174.31,1
733,Jaguar,XK,2010,19XFB2F52DE924584,94045,30686.22,5
734,Mercedes-Benz,E-Class,2002,1N6AA0CC1BN777992,100665,48358.94,2
735,Honda,Accord,2011,JN8AF5MR9ET291035,71092,41139.53,2
736,Chevrolet,S10,2001,KMHTC6AD9FU803461,74172,4961.63,5
737,Pontiac,Safari,1986,WAUAF48HX7K082979,33568,46867.41,4
738,Mercury,Sable,2009,WA1WMBFE6DD824817,78898,7643.91,1
739,Ford,LTD Crown Victoria,1988,1FTMF1E88AK815070,88504,20424.57,2
740,Chevrolet,Beretta,1994,19XFB4F20FE052913,66089,45761.39,1
741,Toyota,Venza,2010,1GYS3JEF1CR112853,52276,6567.48,2
742,Cadillac,Catera,1998,WVWAA7AH1AV466023,44845,34984.45,2
743,Mitsubishi,Precis,1990,3D73Y3CL8BG366385,106073,46557.76,1
744,Chrysler,LHS,1997,WAURV78TX8A225786,93423,42819.7,2
745,Dodge,Shadow,1994,1HGCP2E36CA116505,22449,52743.13,4
746,Volvo,S70,1999,5GAKVAKD8EJ088928,38607,43699.05,2
747,Mercedes-Benz,E-Class,1993,2T1BU4EEXDC660356,57608,41288.13,1
748,Mercedes-Benz,600SEC,1993,KMHHT6KD6AU484839,16232,14431.57,3
749,Lexus,SC,2004,NM0KS9BN5BT197908,96501,12192.78,3
750,Nissan,Sentra,2009,WAUVFAFH1DN476495,19134,52832.92,5
751,Dodge,Monaco,1992,1N4AA5AP7CC187062,22883,9321.26,4
752,Ford,F250,2009,1FTSW2B5XAE684181,34211,4068.85,3
753,Volkswagen,GTI,1995,1G6DP577660442807,108340,35453.43,1
754,Cadillac,DeVille,2001,1G6KD54Y62U370460,83936,54688.12,1
755,Mazda,CX-7,2012,JHMZF1C42DS212885,76746,7654.53,2
756,Mazda,MPV,2001,WDDGF4HB6DA014212,113779,12629.53,4
757,Lexus,LX,1997,1YVHZ8BH8B5153932,51307,41012.79,1
758,Lincoln,Navigator,2001,3N6CM0KN2FK175990,85354,29352.38,2
759,Dodge,Caravan,2006,5TFCM5F14AX583437,80094,26481.59,5
760,Isuzu,Hombre,1999,WVGAV7AX1BW878896,20843,42113.14,4
761,Mercedes-Benz,S-Class,2005,JTDKN3DU9A0891920,11258,29403.18,1
762,Ford,Escort,1999,WAUDFAFL6CN177793,32153,48695.95,5
763,Dodge,Ram,2011,5FNYF3H27EB792598,94373,31946.54,5
764,Morgan,Aero 8,2007,JHMZE2H37ES757202,97857,41702.09,4
765,Bentley,Azure,2006,1N4AB7AP1DN806964,61024,44099.8,4
766,Volvo,S80,2002,5UXZV4C52BL470196,35912,54129.66,2
767,BMW,7 Series,1992,TRUTC28N321717348,122092,28273.07,1
768,Audi,Cabriolet,1995,4T1BF3EK7AU793967,93560,23041.4,2
769,Ford,F-Series,1991,JTHBP5C26C5447159,59365,2769.72,2
770,Ford,E-Series,1988,KM8NU4CCXBU768471,59736,51020.16,3
771,Mercedes-Benz,SL-Class,1990,3MZBM1K70FM992365,91230,45692.58,4
772,Cadillac,STS,2010,WDDPK4HA2FF459197,76819,30779.22,2
773,Honda,S2000,2009,WAUDH48HX9K620963,23498,53424.16,3
774,Pontiac,Firebird,1990,1GD220CG1CZ818179,48511,25038.22,2
775,Chevrolet,Sportvan G20,1995,1G4HP57236U227330,119372,27653.4,3
776,Pontiac,Firefly,1985,2G4WE537851714239,72898,40918.34,2
777,Honda,Prelude,1994,1FTSW3B58AE011217,120872,8285.65,4
778,Nissan,Quest,1994,WBAPM7G50AN890188,63973,5188.58,3
779,Mercury,Cougar,1969,WVGEF9BP3ED572498,85199,38725.84,4
780,Audi,RS6,2003,4T1BD1EB7FU728909,19715,25879.7,1
781,Cadillac,CTS,2005,1C4SDHCT3CC446521,41417,37254.76,1
782,Hyundai,Tiburon,1998,WDDHF8JB9DA898507,43606,47538.93,2
783,Infiniti,EX,2011,WAUJF98K89N824855,95596,21862.92,5
784,Porsche,Cayman,2009,YV1672MC9CJ582100,103132,8205.98,5
785,Buick,Century,1993,JN8AZ2KR8DT002881,79987,27133.74,3
786,Hummer,H2 SUV,2006,WBAUP93588V126045,46034,32603.12,5
787,Ford,Explorer Sport Trac,2007,SCFBB03B98G030649,80305,48231.87,4
788,Volkswagen,Golf,2005,1D4RD5GG8BC379538,60056,41621.84,4
789,Lexus,RX Hybrid,2007,JTHBB1BA7A2162811,21117,39706.11,3
790,Ford,Expedition,2001,19VDE2E58DE552998,53810,40890.1,3
791,Buick,LeSabre,1991,SCBDC3ZA0DC404557,71910,15163.51,1
792,GMC,Jimmy,1997,1G6ET12982B466431,67705,30866.43,1
793,Cadillac,Eldorado,2002,1G6AX5SX2E0800980,64714,39256.67,5
794,BMW,M5,2001,1G4CW54K214981894,100345,51661.13,1
795,Mazda,626,1986,19UUA75588A458372,32315,20062.33,2
796,Mercedes-Benz,CL-Class,2001,1FTMF1CW3AK676225,81277,49466.45,1
797,Dodge,Avenger,2011,WBALW3C54CC142596,79804,32753.57,2
798,Isuzu,Trooper,1992,5UXFA93565L851002,44769,14858.96,2
799,Nissan,Maxima,2010,3C6JD7CT2CG575103,21364,46824.7,2
800,Lincoln,MKS,2011,2HNYD18274H273841,56664,41109.78,3
801,Cadillac,Escalade,2010,SCBBB7ZH5CC885046,106922,25539.48,5
802,Dodge,Durango,1999,SAJWA6E70E8258092,21540,4556.2,5
803,Ford,Escort,1994,1N4AA5AP1AC066329,54900,42761.45,2
804,BMW,Z3,1996,5XYZG3AB4CG141611,25400,12852.62,4
805,Kia,Rio,2013,JH4NA21652T738295,94401,44524.83,2
806,Mercury,Mountaineer,2009,SCBBP93W09C155641,118068,41627.6,5
807,Jaguar,XK Series,2002,WAUGF98K49A072671,37711,24361.33,1
808,Mitsubishi,Galant,1989,5J6YH1H37AL651734,73337,11823.9,3
809,Dodge,Sprinter,2009,YV1902FH6B2471197,43725,22894.95,5
810,Lexus,RX Hybrid,2006,WBAYP1C56DD802026,57791,10047.57,3
811,Volkswagen,GTI,2001,KL4CJBSB1DB823965,50211,21988.03,3
812,Subaru,B9 Tribeca,2006,JN1CV6AP8DM964411,18578,44808.33,2
813,Aston Martin,DBS,2008,WAUAFAFHXDN306246,33762,30037.16,2
814,Toyota,RAV4,2000,WAUHGAFCXFN929305,23143,44025.87,3
815,Infiniti,M,2006,JM1NC2SF4F0996681,69721,44277.18,4
816,Mazda,Mazdaspeed 3,2007,WBAEK73425B674666,38324,42693.47,2
817,Mercedes-Benz,E-Class,2004,4T1BF3EK9BU033086,115742,17999.82,4
818,GMC,Suburban 1500,1997,1G6EL12Y11B277688,58391,4068,3
819,Lexus,LS,1990,WBAWL7C55AP622407,114563,42197.52,3
820,Ford,Explorer,2004,3VWPG3AG6AM342717,56667,50553.39,5
821,Infiniti,Q,1998,1N6AA0ED8FN623145,58650,50633.79,5
822,Dodge,Grand Caravan,2001,5TDDK3DC4DS627739,76937,16087.27,1
823,Mercedes-Benz,E-Class,1989,JTHFE2C29B2804730,96418,44739.65,1
824,Suzuki,Swift,1993,SCBGC3ZA0EC957546,75345,22332.43,2
825,Ford,Econoline E350,1997,5UXZV8C57D0691918,108864,15465.34,3
826,Dodge,Caravan,2003,JTHDU1EF1A5952274,36267,44956.24,2
827,Volkswagen,Touareg,2003,1GYEE53A990510864,111314,28892.66,4
828,Volkswagen,Phaeton,2006,WAULC68E43A885323,33076,22091.63,2
829,Mercedes-Benz,SL-Class,2009,WAULFAFH9CN899752,38949,51945.16,3
830,Ford,Thunderbird,1972,JTHBE1D20F5121648,84949,25524.98,3
831,Pontiac,Bonneville,1999,1G6AH5SX9E0689809,90823,30107.69,1
832,GMC,Envoy,1998,JN1AJ0HP0AM226555,122054,53230.05,5
833,Ferrari,California,2009,WBA3A5G5XFN703509,65293,35873.34,4
834,GMC,Safari,2004,1GYUCHEF4AR931354,104504,48591.59,4
835,Hyundai,Accent,2010,1G6KD57Y65U513651,104631,44560.42,1
836,Mitsubishi,Diamante,2000,WAUPEBFM7DA425377,46215,9687.86,2
837,Dodge,Ram 2500,2000,KMHTC6AD7EU830463,19109,29501.21,4
838,Lamborghini,Diablo,1990,JN1AZ4EH7FM734784,116914,17941.86,3
839,Dodge,Ram 1500,2005,1C3BC2FB9BN337071,122012,12422.14,3
840,Mercury,Villager,1998,2C3CDZFJ8FH769800,72323,51687.59,2
841,Land Rover,Range Rover,1995,1G4GJ5E33CF420604,79475,17502.86,4
842,Mercedes-Benz,M-Class,2012,1D7RW3GK4AS830376,73728,35677.57,3
843,Oldsmobile,Aurora,1998,1FTEW1CM9BF948595,78534,31094.91,2
844,Mercury,Mountaineer,1997,1G6DD67V680402324,75178,19439.13,5
845,Mercury,Mountaineer,2004,WAUSF98E57A853314,19916,7367.93,4
846,Toyota,Camry Solara,2007,WA1YD54B72N028992,17012,53215.19,4
847,Eagle,Talon,1993,1GT022CG0EF433224,117130,27686.53,5
848,GMC,1500,1994,WBA3R5C50FK119149,94657,23618.14,3
849,Ford,Thunderbird,1985,WA1YD64B35N210344,120615,20037.81,2
850,Plymouth,Neon,1998,2T1KE4EE6CC976171,25404,46548.78,1
851,Chevrolet,Venture,1998,WVWAA7AJ7CW690168,22525,15048.88,3
852,Mazda,929,1990,WAUXL68E04A992243,56563,6492.06,4
853,Pontiac,Bonneville,2004,WA1YL54B65N597498,52069,49763.61,3
854,Volkswagen,New Beetle,2004,5N1AN0NW1DN764561,108203,35939.17,2
855,Nissan,Stanza,1992,1N4AB7AP5EN250904,73561,12761.23,3
856,Chevrolet,Tracker,2002,2FMHK6DC4AB303277,20519,35773.74,2
857,Foose,Hemisfear,2007,WA1KK98R89A474306,104526,27552.03,2
858,Mercedes-Benz,E-Class,1990,2T2BK1BA4FC457855,29341,43930.94,3
859,Kia,Sorento,2004,1D7CE3GK7AS101524,25116,8659.84,1
860,Pontiac,Sunbird,1986,19UUA9F25CA347920,44649,42321.31,1
861,Land Rover,LR4,2012,WBANB33574B567452,76821,52894.82,3
862,Mazda,929,1994,1GKS1EEFXER060911,62570,10096.27,2
863,Mazda,Miata MX-5,2010,WP1AE2A26FL133799,37738,24036.17,4
864,Isuzu,Space,1992,WVGAV7AX1BW136353,15258,23743.56,5
865,Dodge,Intrepid,1993,5FNRL5H22CB005966,62090,13358.9,2
866,MINI,Cooper,2008,5N1AA0NC5CN680534,116112,14560.18,2
867,Ford,Escort ZX2,2003,WBA6A0C59ED266158,107795,32398.55,1
868,Buick,LaCrosse,2005,5UXFA13514L385169,12501,31623.14,1
869,Cadillac,XLR-V,2009,3C4PDDDGXFT158245,88689,42262.44,2
870,Mercedes-Benz,500E,1993,JM1CW2BLXE0196227,55272,54843.59,3
871,Ford,Freestar,2006,SCFBB04C79G938722,123040,33215.41,1
872,Dodge,Caravan,2004,1GYS3LKJ1FR621253,97368,42189.37,3
873,Ford,Mustang,2002,WBAEN33435P364903,14670,24282.85,4
874,Honda,Insight,2011,2HNYD18865H102813,16683,41236.74,3
875,Chevrolet,Silverado,2002,WBAEH73485C142623,99916,41037.47,1
876,Chevrolet,Aveo,2008,WAUJFAFH5AN372263,77544,13464.61,5
877,Suzuki,Swift,1996,5N1AN0NW3EN917653,52799,7723.63,1
878,BMW,8 Series,1995,JTDZN3EU4FJ460268,47406,21034.28,3
879,Land Rover,Range Rover,2001,19XFB4F28FE816734,39563,33278.38,3
880,Ford,E-Series,2010,WAUDH74F38N082478,109291,24263.9,1
881,Buick,Regal,2004,WBA3B9C59DJ294658,113982,35845.24,2
882,Mazda,Mazda6,2009,SCBBR93WX9C584358,42465,33707.8,5
883,Ford,Econoline E150,1999,WP0AB2A80CS068158,64461,5447.92,3
884,Mercury,Sable,1988,WA1VMAFE1ED301681,113261,27056.56,4
885,Mazda,Mazda6 5-Door,2006,WVWAP7ANXDE374157,87547,10927.18,1
886,Acura,RL,2002,1FMCU0D71AK434158,35685,45037.21,4
887,Dodge,Ram 1500,2001,5UXFE43528L992208,24854,34436.98,2
888,Lotus,Exige,2007,4T1BF1FK8EU566716,11065,20266.62,2
889,Honda,Insight,2006,WAUDN94F68N049771,123967,17079.95,4
890,Hyundai,HED-5,2012,WAUAH78E26A923232,70288,30558.29,4
891,Ford,Bronco,1991,1N6AA0CJ4FN063665,97151,17693.8,5
892,Ford,Escort,2004,4T1BF1FK3EU094389,75028,42377.23,5
893,Mazda,MX-6,1990,1G4GA5GRXEF778657,109658,53432.57,2
894,Dodge,Ram 1500,2009,SCFAB05D29G483197,60600,54448.94,4
895,Mercury,Capri,1986,1FTEW1CF0FF568536,107779,20650.51,5
896,Mazda,B-Series Plus,1994,1GYUKFEJ2AR463233,48278,47614.84,3
897,Eagle,Talon,1997,TRUVD38J791005203,112754,43740.78,3
898,Chevrolet,Lumina,1997,3CZRE3H3XAG360375,55959,17171.36,5
899,Cadillac,DeVille,2005,WAUKF98E27A497291,34507,25956.43,1
900,Mitsubishi,Diamante,1993,1G4GC5GR3DF038845,17461,26993.19,3
901,Honda,Prelude,1985,5GAKVBKD5FJ390345,91805,3510.18,4
902,Maserati,Spyder,1991,WAUEFAFL1DN225917,13209,36920.95,3
903,BMW,8 Series,1993,19UUA56762A929379,116277,40798.41,5
904,Dodge,Ram 1500,2004,1GYUKKEF4AR188131,69795,38581.09,3
905,Saturn,S-Series,1998,WA1EY74L99D995907,119826,30003.66,1
906,Ford,Probe,1989,WBAVA37568N895740,112188,31276.39,2
907,Pontiac,Grand Am,1991,JN1AZ4EH1FM719150,36391,37782.98,2
908,Mitsubishi,GTO,1999,WA1WYAFE4AD668867,96758,8027.73,4
909,Infiniti,G35,2003,1FTEX1C80AF138044,50875,12299.48,5
910,Saab,9-May,2001,1GYUCBEF1AR546833,34900,49589.14,3
911,GMC,Savana 3500,2005,1GYEC63N35R734877,54956,37844.09,4
912,Chrysler,Sebring,1998,SCFAB01A86G761138,25393,52020.47,2
913,Subaru,Baja,2003,5LMJJ2JT7FE070864,49131,38977.84,3
914,Buick,Park Avenue,2000,JTDBT4K37B4492844,121009,26091.86,1
915,Mitsubishi,Tredia,1984,WAUAF78E57A743685,14149,2990.15,5
916,Lexus,LS,1999,JH4CW2H65CC509521,74066,14933.78,5
917,Mitsubishi,Montero,1996,WBA3G7C53EF321928,16246,14211.66,5
918,GMC,Envoy XL,2003,1FTWX3D51AE141352,51030,51356.91,1
919,Chevrolet,Sportvan G30,1996,1G6AK5S37D0371958,103484,34294.61,1
920,Toyota,Prius,2006,5TDDW5G1XFS735635,12884,38188.48,2
921,Isuzu,Trooper,1992,19UUA56731A477549,31864,5139.73,1
922,Buick,Skylark,1988,3D4PG1FG8BT363174,68471,30355.09,2
923,Hyundai,Tiburon,2006,1G6KD57929U733576,34018,5097.07,5
924,Dodge,Viper,2000,1FTSW2A55AE753635,122363,10611.81,3
925,Subaru,Brat,1987,WAUMR94E88N517673,90562,37015.77,4
926,Buick,Century,1994,1FTEW1C81FF109131,10286,54728.05,4
927,Honda,Pilot,2011,JN8AS5MT4FW225869,64868,54437.5,3
928,Plymouth,Voyager,1992,2G4WS52J851117517,26338,44103.6,4
929,Mercedes-Benz,M-Class,2009,JTDKDTB36D1531130,14599,39793.76,1
930,Audi,4000CS Quattro,1986,3VWKP7AJ1CM116522,63529,50309.19,2
931,Kia,Amanti,2004,1G6DP5E39C0707912,95387,52749.97,5
932,Audi,S4,1993,JTHBE5C21A2358121,77535,36047.5,1
933,Volvo,V50,2009,WAUAH78E77A835200,98372,31685.94,3
934,Mitsubishi,Chariot,1990,1G6KA5E63BU700917,119634,44789.12,1
935,Mercedes-Benz,SL-Class,1989,2HNYD2H42DH886814,120740,10314.07,5
936,Toyota,T100,1995,WAUHFBFL8AN190985,81382,25797.12,2
937,Mitsubishi,3000GT,1994,19UUA56771A599038,56643,29808,2
938,Chevrolet,Suburban 2500,2000,1G6AZ5SX1F0223886,48668,28215.95,1
939,Pontiac,Sunfire,2001,WP1AA2A23BL013609,57005,43416.41,4
940,Chevrolet,Avalanche 2500,2003,KNAFT4A25B5036763,109081,23683.69,1
941,Mitsubishi,Excel,1987,WBAGL63462D370174,102383,15092.2,3
942,Subaru,SVX,1993,1GKMCAE3XAR919975,60512,38219.14,2
943,Volkswagen,GTI,2009,ZHWGU5BZ6DL350627,72377,7355.63,2
944,Mercedes-Benz,S-Class,1990,WA1BV74L97D138611,86109,8669.66,4
945,GMC,Sierra 3500HD,2006,KL4CJHSB0DB558815,94698,8626.28,1
946,Ford,Expedition,2010,WBAVC53537F818313,85654,18035.69,1
947,Ford,Expedition,2000,WAUFFAFL1EA170544,20696,44120.41,1
948,Oldsmobile,Alero,2000,JTJBM7FX1E5703656,10115,4287.66,4
949,Volvo,V40,2000,5XYKT3A1XCG912027,42279,53907.39,4
950,BMW,X5,2005,JM1CW2BLXC0039178,46588,40788.22,4
951,BMW,X5,2011,NM0AE8F79E1803008,59916,52632.8,5
952,Honda,CR-Z,2011,1FTEW1CM0EF967461,108181,50276.49,1
953,Ford,Crown Victoria,1997,3GTU1YEJ3DG238957,64115,19923.93,5
954,Toyota,Venza,2009,JTJBM7FX8E5585816,89781,16806.52,3
955,BMW,X6 M,2011,1G6DS57V980824619,48983,53353.01,3
956,Chevrolet,Corvette,1972,2C3CA2CV5AH750752,85088,20752.75,2
957,Daewoo,Lanos,2000,WBSWD93579P557401,77251,24912.01,3
958,Dodge,Intrepid,1998,5YMGZ0C52BL243247,59773,28765.67,3
959,Ford,Crown Victoria,1998,1N4AA5AP4BC170072,99374,18616.48,2
960,Chrysler,200,2011,JN1AZ4EH9BM206884,85290,22699.79,2
961,Honda,Accord,1989,3D7TP2HTXAG252313,57665,30095.48,4
962,Honda,Civic,1988,WDBWK5EA6BF265653,111728,44587.83,5
963,Acura,TL,2004,5N1AR2MM7FC203165,33276,31078,2
964,Volkswagen,GTI,2003,5UXZW0C59C0197976,60830,39468.34,4
965,Suzuki,XL-7,2007,1GYS3GEF4DR049381,26294,17552.37,3
966,Dodge,Dakota Club,2005,SALFR2BG5EH731577,103783,11589.3,2
967,Pontiac,Montana,2004,WBSBL93436P205579,44893,30469.07,2
968,GMC,Sierra 3500,2010,WDCYC3HF6AX731524,68475,21562.48,2
969,Lincoln,Continental,1985,1G6DJ5E34D0328044,37085,4770.37,2
970,Nissan,GT-R,2011,SCFAB42301K028126,70981,19106.65,3
971,Chevrolet,Express 1500,2010,1C3BCBEB0DN435944,10362,4032.98,4
972,Acura,Integra,1993,TRUWC28N011242172,52503,53866.29,1
973,Ford,Mustang,1999,WAUYGBFC5CN651768,75875,49829.12,4
974,Chevrolet,HHR,2006,WA1CV74L19D998543,15605,16749.52,1
975,Suzuki,SJ,1994,SALVP1BG4CH409960,113469,30858.37,2
976,Aston Martin,Rapide,2012,WAUWFBFL1AA194763,120200,7313.91,5
977,Chrysler,Sebring,1997,1D7RW3GK8AS572427,22580,54429.91,4
978,Isuzu,VehiCROSS,1999,WUATNAFG7BN584074,48290,52522.75,1
979,Subaru,Tribeca,2007,2T1BURHE0EC585256,12817,48468.79,2
980,Lincoln,Town Car,1990,JHMZF1C62DS881272,123985,9162.85,1
981,Ford,Edge,2007,WVGAV7AX8AW937408,16461,37475.59,3
982,Bentley,Azure,2009,4JGDA2EB0DA220013,34535,25389.68,2
983,Volkswagen,Cabriolet,1985,WBAEP33443P057182,32208,27938.3,5
984,Chevrolet,Silverado 1500,2001,1N6AA0CJ1EN312521,89444,52143.14,5
985,Lincoln,Continental,2001,5FRYD3H91GB864819,66831,15646.4,1
986,Acura,MDX,2011,1G6AY5S34F0292846,107412,48744.49,5
987,Mercedes-Benz,C-Class,2010,WBAUL7C55BV894198,93574,28062.88,4
988,Maserati,Quattroporte,2010,2C3CDZBTXFH014784,104390,14323.57,1
989,Porsche,Boxster,2004,JM3KE2BE8F0445343,21450,5489.64,2
990,Volvo,960,1997,2HNYD2H39CH109424,17797,15666.93,4
991,Hyundai,XG350,2004,1FTEX1CM7DF548289,31176,42020.57,4
992,Isuzu,Hombre,1996,5GAKRCED0CJ605826,69375,35320.12,3
993,Toyota,Matrix,2003,WA1CGAFP6FA782417,27094,31232.09,4
994,Hyundai,Accent,2000,YV1902FH3D2371108,87340,33753.06,3
995,Honda,Fit,2010,137FA84341E823371,80483,33772.29,2
996,GMC,Rally Wagon G2500,1995,WBALX3C57CC976388,105144,10782.76,4
997,Land Rover,Range Rover Sport,2009,WUAW2AFC4FN211020,45872,23835.75,4
998,Suzuki,Swift,1997,WAUUL98E66A169825,67789,25792.37,5
999,Mercedes-Benz,R-Class,2011,WVGFF9BP7BD533509,85294,35693.97,5
1000,Mitsubishi,Eclipse,2004,1N6AA0CH5EN188833,69744,49582.88,1
1001,Mazda,RX-8,2006,1FMJK1G51CE288777,74266,27864.07,2
1002,Mitsubishi,Mighty Max,1986,1N6AF0KY3EN463635,46379,42804.25,1
1003,Buick,Reatta,1991,3LNDL2L34CR747370,111649,33063.97,4
1004,Honda,Accord,2009,YV4952CY0C1690964,95491,24599.19,1
1005,Chevrolet,Venture,1997,3GYFNGEY6BS737387,122594,14131.68,1
